No,Ulasan,Fasilitas
1,sayang jalan masuk sangat sempit,1
2,wisata bagus banyak buang sampah sembarang sayang sekali,0
3,loket parkir biar tidak macet lebih cepat,1
4,orang kota sibuk sawah pandang tarik duduk santai nikmat hidang pandang sawah sangat asyik,1
5,wow alam pandang sangat asri dingin kayak pemandanganya cakep keren jadi pengin jalan kesana mas tiket harga jangkau,0
6,keren sekali cocok buat libur sama keluarga cinta,0
7,kreatif milik wisata saji wisata tani alam desa,0
8,wisata sawah sumber nyata sawah jadi tempat wisata keren,0
9,sumber gempong trawas wisata murah riah buat keluarga favorit wahana kereta hehe,0
10,subhanallah wisata murah riah pandang sangat indah,1
11,keluarga pernah kesana pandang indah sejuk murah,0
12,akses gang smpit buat keluar masuk kendara driver elf kadang macettt simpang moga jalur keluar masuk lebar biar bus masuk,1
13,pernah mau masuk situ gagal masuk penuh tidak parkir datang jam siang,1
14,sawah ijo semua hari minggu kemarin kamar mandi air sangat kotor sangat tidak anjur mandi toilet umum,1
15,tempat bagus suasana sawah hijau sejuk mata,0
16,lihat sejuk indah tempat wisata,0
17,bagus tempat wisata alam manfaat area sawah kemas jadi tempat wisata tarik,0
18,wisata alam banget main agam cocok keluarga,0
19,tempat senang buat libur sama keluarga,0
20,tempat wisata indah nyaman,1
21,tempat indah bagai wahana,0
22,aku tau kesitu tiket nya murah banget wahana nya murah,1
23,kurang tempat teduh gazebonya lahan sawah jadi panas banget air kolam keruh buat anak main air maaf cuma saran depan,1
24,minggu kemarin sana jauh surabaya depan gapura katae penuh enggak masuk kecewa deh,1
25,kurang kuliner,0
26,panas kalau siang,1
27,tempat parkir perlu luas akses masuk mobil gntian kalau masuk enggak nya,1
28,jalur mobil kurang jembar maszeeh,1
29,main sedikit terus antri nya ngeri kalau weekend kalau pandang oke lah,0
30,wah tambah sip wae jalur kereta sawah baru kali sini akhir sini jalur lewat kolam,0
31,kemarin datang jam set an suruh lurus sama hansipnya enggak masuk,0
32,kereta cocok buat anak mtpi emak pengin ngikut dong,0
33,sekarang lebih bagus parkir bagaimana dulu susah sih,0
34,camping ground kak nya kurang urus,0
35,banyak pohon kak biar teduh misal pohon trembesi pohon mangga lainyya,1
36,tambah gazebonya dong kak masak sana enggak tempat teduh,1
37,maaf kak toilet enggak tempat sampah dekat sama toilet dekat pawon ku,1
38,pernah mau kstu penuh terus tolak,0
39,jalan parkir arah pulang bikin kecewa moga cepat bagusin,1
40,banyakinn wahana lain min kolam renang lebih bagusin min trms,0
41,puuuuuanaaas kurang teduh kalau pohon rindang munkin tambah enak,1
42,suka sama terapi ikan nya,0
43,pandang bagus cuma sayang toilet kurang,1
44,makin bagus banyak unjung jadi pengin balik kesana,0
45,maaf sana tak sesuai realita kolam anak kecil keruh cuaca panas banget tempat teduh kurang pada mungkin tempat sawah,1
46,murah makan enak aku kali ksana,0
47,saran mungkin kolam nya buat bersih rata karenaa pijak batu lmyn tajem,0
48,akses masuk macet pol min mohon cari akses kalau enggak buat akses hehe,1
49,kemarin minggu aku kecewa banget jauh jalan nanjak eh sana mau masuk stop sama bpk nya atur jalan akses masuk bilang penuh memang kuota,0
50,tempat favorit bersih sejuk makan jangkau,1
51,tempat cocok banget karenaa layan tugas ramah tambah menu makan situ sangat lengkap murah riah,0
52,rute kereta mini nya lumayan jauh jadi enggak sesal cafe nya mnurutku rasa standard lebih tingkat fasilitas umum toilet mushola nya bersih banget sini bersih nya,1
53,sini sedia warung jual harga jangkau,0
54,tiket masuk sini cuma rp per orang murah riah harga kafetaria jangkau tidak tipikal harga tempat wisata,1
55,hitung murah tempat wisata pop mie aqua,0
56,kantin banyak harga jangkau enak,0
57,dapat kolam renang wahana lumayan banyak harga jangkau becak air kereta sawah jantra kuda sepeda layang becak terbang kantin jual aneka minum dapat musholla dekat kantin,1
58,paling asyik sini kolam air nya asli sumber air renang lihat pandang bagus full hijau hijau bahkan sini semua harga nya murah murah sekali baik wahana tetap murah,0
59,kuda becak terbang iya banyak sedia gazebo tengah tengah sawah buat duduk duduk pandang gunung area bersih udara segar sedikit panas warung jajan iya buat camping gaes,1
60,wisata alam pandang sawah alami dapat kolam renang air langsung sumber dapat beberapa main anak anak warung bagai macam menu fasilitas mushola toilet bersih,1
61,wisata jangkau fasilitas oke banget harga ramah harga tidak ngawur rasa lumayan parkir luas banyak wahana main kolam renang gratis dipunggut biaya spot foto banyak pandang natural pkknya,1
62,food court nya harga jangkau banget murahhhh nya enak variasi banyak,0
63,sumber air segar kamu naik kereta sawah tiket ribu sepeda terbang banyak lain jajan sini harga jangkau banget jadi enggak perlu risau kalau kesini enggak bawa bekal,0
64,tempat nya luas nya upa pujasera umkm batas duduk nya suasana sana sejuk segar meski ramai harga orang habis ribu masuk makan minum wahana main parkir harga tiket masuk,1
65,area wahana wisata area wisata kuliner bagi area wisata kelola bumdes sedia utama area kelola pihak umkm bina bumdes ketapanrame jumlah toko umkm,0
66,akses jalan sempit hadiah beret kanan kiri selip mobil keluar harus memang kalau parkir penuh mobil mau masuk stop jangan penuh masuk,1
67,adminnya buka minta maaf fasilitas malah lah loh lah loh tempat wisata macam apa tempat parkir tidak tindak milik,1
68,atur tidak baik parkir tidak unjung tetap biar masuk area tidak arah parkir suruh jalan terus akhir tembus pintu keluar,1
69,bablas ambil tiket pinggir jalan disuru tukang parkir keluar lokasi dulu padahal jalan keluar lumayan jauh muter bilang mau disamperin loket tetap usir suruh keluar jalan masuk sangat sempit lewat rumah rumah warga dulu tempat biasa enggak bagus bagus kalau panas panas kalau ujan ujan ujan plus becek banget nomor recomended segi karyawan lokasi enggak bagus,1
70,pokoke seru murah riah wis segitu karcis jangan nomor,1
71,enggak rekomended buat punya mobil kesana pas hari minggu kondisi hujan area parkir jadi medan off road,1
72,jangan pernah kesini kalau mobil kalian pengin aman jalan sempit banget cok mobil gue langsung beret kanan kiri mana mobil baru beli cok,1
73,jalan masuk terlalu sempit buat mobil jalan masuk sendiri jalan keluar harus jalan sendiri tidak jadi satu ganti,1
74,selalu penuh kali kesini kecewa harus biar enggak capek kesana ada daftar karcis online zaman modern soal,1
75,gapura bolak balik kali selalu bilang penuh sama hansip nya,0
76,tempat nya sangat ramai kurang toilet apa lihat instagram google tidak nyata,1
77,air nya suejuk sumber alami,0
78,waduh kata hari tidak terlalu ramai aduh nyata,0
79,lebih tingkat fasilitas sedia tikar minimal sewa susah jadi nyaman padahal pandang bagus jadi alhasil tidak nikmat sadar memang baru saran terima kasih,1
80,cocok buat keluarga pandang bagus banyak ikan air tawar,0
81,suasana sejuk alami meski baru tata bagus,0
82,buat puol mau kesini gadibolehin belok sama pak ogah yaudah gajadi,0
83,banyak kurang nya fasum tempat teduh kurang pada event besar,1
84,tempat bagus sayang kelola wisata tidak profesional kes tidak sopan,0
85,tempat enggak bagus,0
86,lumayan,0
87,asri udara sejuk alami,0
88,akses massuknya sangat sempit,1
89,tempat penuh jajak dapat,1
90,tempat wisata tutup,0
91,tempat senang,0
92,segar,0
93,tambah apik lengkap om sumber gempong asiik banget benar tempat wisata bukan wisata cafe memborbardir trawas,0
94,mantab tambah keren,0
95,wisata sawah arti sungguh tidak tarik tempat memang luas banget pandang nya bagus fasilitas kurang toilet nya jarang memang beberapa titik cari enggak tunjuk enggak tempat teduh,1
96,pertama kali kesini suami harga tiket masuk ribu per orang parkir motor ribu akses jalan masuk gang hampir bablas enggak lihat gang,1
97,sumber gempong rupa wisata alam ds ketapanrame trawas lokasi taman ganjar tunjuk jalan medan tuju lokasi lumayan naik turun lewat jalan sempit pakai motor matic,1
98,kali kesini tiket masuk murah riah ribu orang anak main mandi kolam puas air jernih bebas kaporit,1
99,lokasi wisata tidak jauh taman wisata ganjar trawas gang masuk relatif sempit jalur mobil lalu jalan kampung tugas jaga atur masuk keluar mobil sejak masuk gang,1
100,tempat wisata desa cocok keluarga time sesuai nama tempat dapat sumber air letak bawah pohon beringin bawah kolam mandi anak wahana sedia patut coba bebek air kereta atas awan sepeda terbang banyak,0
101,tempat bagus pandang nya sawah lengkap saung gazebo wisata renang suasana nya asri sejuk cocok banget buat healing sama keluarga wisata kuda flying fox paling seru kereta mini cocok banget buat anak,1
102,tempat wisata sangat cocok buat libur bareng teman teman atau keluarga tempat sangat luas banyak wahana sepeda terbang becak terbang kolam renang atv kereta sawah terapi bebek air,0
103,libur murah riah,0
104,sejuk cocok buat libur ala alam,0
105,cocok wisata bareng keluarga,0
106,bagus murah riah pasti kalau kamar mandi kamar ganti tambah,1
107,tempat bagus sesuai budget ramah banget kantong,0
108,kualitas rasa mantap,0
109,cinta alam asri tempat tema sawah sangat bagus,0
110,makan nya murah murah deh,0
111,lumayan bagus murah riah wahana nya datang jam an unjung ramai mskipun hari kerja,0
112,biasa tempat enggak lebih tempat,0
113,harga tiket masuk masuk jangkau jenis makan macam macam harga makan standart harga tiket wahana standar meski weekend tidak terlalu ramai jadi nikmat pandang,1
114,tempat luas bersih makan worth,0
115,tempat wisata bagus keluarga akhir pekan suasana back nature banget air sungai sangat jernih segar terapi ikan orang dewasa terapi lihat anak renang bawah renang terapi ikan gratis bayar naik wahana worth buat spend time bareng keluarga akhir pekan biaya masuk rp selamat libur,0
116,tempat nya bagus kolam nya air nya sueger harga tiket masuk cuma gila moga depan nya terus inovasi lebih baik,1
117,suka banget masyaallah waktu kesana cuaca sangat dukung sejuk sekali kunjung hari kamis tiket masuk per orang ribu parkir motor ribu kantin loh kamar mandi cukup bersih paling suka sama terapi ikan seru geli geli bagaimana baru pertama kali waktu kesana benar incar naik kuda nyata kuda cuman waktu weekend doang akhir naik kereta sawah deh tiket per orang cuma ribu suka sekali cukup senang cocok keluarga nongkrong bareng teman pasang,1
118,aduh enggak deh kesini pas weekend penuh sesak sama laut manusia jadi mau nikmat fasilitas enggak santai terus joglo buat teduh nyata sewa jadi enggak neduh pas hujan usul saran jadi tugas parkir koordinasi tugas terima wisatawan bagi loket parkir rasa penuh informasi parkir tidak terima wisatawan jadi enggak muter cari parkir tugas dalam nyuruh terus belakang belakang nyuruh muter buat cari atas jadi malah susah wisatawan dong moga kritik saran guna jalan baik diri moga makin baik sukses kalau mau kesini pikir deh,1
119,tiket masuk murah tiket wahana murah makan jual sana murah pandang indah sangat senang,1
120,tiket murah riah,1
121,tempat nyaman sejuk cuman pilih makan jajan kurang banyak,0
122,alam,0
123,keren edukasi rekomendasi ajar anak usia dini masyarakat kenal alam lebih dekat,0
124,libur sama keluarga makan tiket murah,1
125,nyaman refresing tempat bersih,0
126,suasana sejuk,0
127,bagus tempat gunung sawah,0
128,tempat wisata murah riah harga tiket masuk cuma ribu pandang sawah cuma sayang tempat neduhnya kurang banget,1
129,tempat bagus,0
130,pandang gunung bagus,0
131,mau weekend bingung mau aku tempat rekomended nih sawah sumber gempong suasana indah banget beberapa main anak buat dewasa tiket masuk cuma uwaaa enggak kecewa kok selera orang kan beda beda gais moga suka kalau kesini,1
132,layan jam,0
133,obat nikmat panorama indah sejuk asli healing nikmat panorama indah nan sejuk,0
134,tempat sejuk bersih pandang mantap,0
135,asri cocok buat wisata keluarga tiket masuk murah riah,1
136,parkir buruk,1
137,lokasi jauh jalan kecil baik kesini pakai kendara sutle taman ganjar parkir mobil pribadi batas kalau waktu ramai unjung parkir mobil sangat jauh tempat lumpur,1
138,makan cuma mie bakso gado pandang indah parkir jauh kurang besar jalan sempit tugas pantau lumayan healing jenak,1
139,tempat luas alami banyak wahana nyaman lur,0
140,tempat wisata benar ngerefresh banget suka semua lengkap mushola kamar mandi warung the best deh tiket masuk worth poll aman cuma dong ditambahin tempat sampah dekat wahana sulit tiap kali mau buang sampah makan,1
141,kurang puas fasilitas layan tm terlalu mahal parkir mobil area bebas parkir,1
142,wisata keluarga buat senang anak murah riah pandang cukup bagus,0
143,wahana wisata tawar pandang bukit hampar sawah kolam suasana sejuk asri banyak pilih main kereta sawah atv bebek air naik kuda kolam tempat luas prasarana parkir cukup kurang toilet tempat sampah mungkin tambah sedia nya harga tiket masuk murah tiket main jangkau,1
144,datang pagi hari kalau weekend biar enggak ramai,0
145,agam main sangat merekomended,0
146,tempat bagus banget layan bagus makan enak murah,0
147,parkir nya kalau hujan jembret,1
148,krasan wisata alam tiket murah riah wahana lumayan pilih senang keluarga gembira pulang sumber gempong,1
149,kunjung pas tanggal merah waaah nyata lumayan sekali unjung suasana jadi sangat ramai tempat luas jadi asa sesak wahana sepeda air hendak antri sesuai nomor tiket wahana kereta sawah lebih tertib antri,0
150,senang,0
151,butuh segar diri sumber gempong trawas sangat cocok udara sejuk suasana senang tiket masuk cuma kalau mau naik kereta sawah tiket cuma keliling sawah naik kereta sawah pokok asyik,1
152,makan murah meri lumayan enak,0
153,suasana alami sangat sejuk,0
154,kalau kesini wajib cebur kolam cuman kalau parkir mobil kasih tenda dong biar enggak hot melotot wkwkwk,1
155,tempat wisata alam tarik buat keluarga pemandanganx indah hijau edukasi anak tani samping sumber mata air sangat jernih wahana main cukup banyak,0
156,sejuk asri alami fasilitas toilet mohon tambah karen tidak imbang unjung,1
157,lebih baik kalau datang hari kerja sore hari bawa tiker santai nikmat udara pandang sejuk tempat panas kurang tempat teduh saung beberapa titik jajan cukup mahal saran bawa motor kalau sayang mobil tiket murah,1
158,pandang bagus tiket masuk ebu parkir motor ebu sejuk mantap pokok,1
159,sungguh zngt puaz dngn pmndangn lokazinxa zngt tpt terapi ikanxa zngt puaz,0
160,fasilitas bagus cocok buat ngopi ngelamun,1
161,tempat nya bagus masuk desa wisata jalan sangat nanjak,1
162,pandang sawah luar biasa masya allah akses tuju sana lumayan tegang kalau arah pandaan lewa tanjak jurang ampel buat motor supra ngos ngosan hampir mundur alhamdulillah allah lindung serta anak istri,1
163,pertama kali tempat tahap bangun cafe terus kali nyata jadi semua fasilitas parkir nya kurang mungkin tahap bangun banyak main anak anak bikin anak anak betah main sini harga tiket masuk ribu dewasa parkir mobil ribu dapat musholla banyak,1
164,waspada musim hujan daerah lereng bukit rawan banjir longsor,0
165,wisata murah riah tiket masuk cuma ribu per orang biaya parkir mobil ribu dalam banyak main tiket mulai ribu ribu kolam mandi langsung sumber air jadi pasti nomor kaporit,1
166,suka sekali tempat nuansa alam sawah pokok,0
167,wisata sih kecil murah riah tiket masuk cuma ribu,1
168,perdana kesini mulai akses masuk gang sempit ganti mobil kalau papas jalan turun parkir mobil rebu tiket masuk rebu orang sangat murah pr banget tempat parkir sangat batas tamu membludak ramai alhasil penuh antri parkir wahana antri semua bilas ganti antri beli aqua warung dekat sawah rebu murah malah cafe nuansa jogja kalau kesini mungkin weekday,1
169,bablas ambil tiket pinggir jalan disuru tukang parkir keluar lokasi dulu padahal jalan keluar lumayan jauh muter bilang mau disamperin loket tetap usir suruh keluar jalan masuk sangat sempit lewat rumah rumah warga dulu tempat biasa enggak bagus bagus kalau panas panas kalau ujan ujan ujan plus becek banget nomor recomended segi karyawan lokasi enggak bagus,1
170,tempat nya bagus cocok buat keluarga,0
171,tempat asri main lu anak dewasa,0
172,tempat bagus asri tiket masuk orang naik kereta orang kolam renang gratis banyak tempat jual,1
173,harga tiket masuk murah cuma ribu per orang bagus banget tempat nya alam sejuk keliling sawah air nya bersih,1
174,kalau siang panas,1
175,wisata baru kembang potensi upa sumber mata air sawah terasiring indah pandang gunung tanggung kelola bumdes,1
176,sempat sama keluarga kunjung tempat overall segi tempat konsep cukup bagus suasana desa beberapa butuh baik wahana sepeda bebek cuma sedia beberapa unit sangat kurang banding jumlah unjung weekend wahana kereta sawah perlu perhati safetynya rel kereta buat tinggi tumpang duduk gerbong kecil cuma sedia sabuk kam bukan pakai pintu anak anak cukup bahaya bila tidak damping orang tua kolam renang campur ikan air asa bau amis lantai kolam batu baik bila memang sedia kolam khusus renang parkir kurang pada tempat wisata kurang siap hadap lonjak unjung,1
177,khas indah nya alam desa hijau,0
178,makin bagus makin luas banyak wahana main anak harga tiket per wahana jangkau wahana paling gemar unjung kereta sawah,1
179,tempat bagus cocok habis libur akhir pekan sama keluarga,0
180,pertama kali dengar teman lokasi reuni teman tahun sd puja surabaya tanggal tempat rapi sejuk wahana beberapa selanjutny mungkin perlu tambah perlu pikir depan masalah akses masuk keluar jadi satu posisi tengah mau turun tanjak,1
181,bagus ut arena main dewasa anak cukup hibur,0
182,dingin sejuk asik cocok buat piknik keluarga,0
183,tempat wisata murah riah tempat bagus,1
184,tiket murah fasilitas baik akses keluar masuk jalan sempit,1
185,enggak sangka bagus betah sekali sana cuaca sahabat kali balik sana mantavv pandang,0
186,wisata alam mojokerto luas dingin parkir mobil luas harga tiket masuk nya murah cuma ribu parkir mobil ribu makan minum nya relatif murah sama banding luar tempat wisata jalan masuk lumayan sempit buat mobil aplg kalau adu mobil enggak tugas mngatur banyak space kosong benar manfaat sama wahana tempat main anak tempat makan biar lebih ramai pas pulang enggak periksa karcis pulang benar jadi aga khawatir sama aman kendara,1
187,kurang tempat duduk sini sangat panas,1
188,sangat indah tempat suasana desa sangat kental tiket masuk kantong ajar banget mantap lah recommended lah wajib masuk daftar healing kalian kalau trawas,1
189,cocok buat santai sama keluarga,0
190,tempat bagus tiket murah makan jual murah jangkau kesana pas weekday tambah siang tambah ramai mungkin tiket murah jadi banyak minat,1
191,harga ramah kantong cocok pas tanggal tua harga makan murah riah,1
192,bagus tempat anak enggak bosan kesini kali kali,0
193,jalan masuk lokasi mungkin lebar cari jalan masuk ramai fasilitas toilet asa sekali kalau kurang tunggu sabar digubakan orang ganti bilas mandi renang lain tempat asyik udara mantap tata rapi lah buat pilih libur sama keluarga,1
194,bagus segar banget enak banget,0
195,tiket masuk murah parkir lumayan makan enak harga sahabat,1
196,semua atraksi nya murah riah cukup banyak pilih start ribu wahana main kolam renang alami terapi ikan gratis musim kemarau wajib banget bawa topi payung enggak tempat rimbun parkirmobil ribu sptnya parkir motor ribu tidak biaya masuk staff nya ramah khusus kereta api antri kurang lebih menit gantung ramai senang holidays guys,1
197,tempat nya bagus pandang nya bagus cocok wisata,0
198,wisata low budget cukup bikin aku keluarga senang sedikit saran kalau mau sumber gempong lebih baik berangkat pagi soal akhir pekan sangat ramai banyak mobil tolak gaboleh masuk parkir full wahana nya tarik murah riah nih aku serta foto budgeting aku berangkat lokasi total cuma,1
199,perintah daerah sungguh manfaat lahan jadi sumber dapat benar benar sangat baik sekali meski enggak tau sih milik orang swasta milik perintah daerah fasilitas cukup baik enggak kalah penting banyak tempat duduk bikin ngunjungi gampang cari duduk kalau capek,1
200,bagus banget sejuk sawah,0
201,kesini tahap bangun nyaman cocok healing,1
202,catat jalan area parkir sama cor aspal sedang musim hujan licin bahaya,1
203,luar biasa sejuk indah banyak wahana kantin tempat jual perlu baik sering lihat kotor kurang tarik,1
204,tiket murah hari minggu tadi padat unjung kolam renang kolam ikan gratis wahana banyak seru naik kereta sawah lintas atas sawah tanam strawbery rekomended buat wisata keluarga,1
205,tempat luas,0
206,suasana alam pesona,0
207,tempat murah bagus,1
208,murah riah,0
209,suka banget sini suasana asri sejuk kalau beli makan toko atas cafe depan parkir saran toko gubuk biar jual makan tiket murah riah suka suasana jelang sore,1
210,rasa pulang kampung dada unjung wisata parkir cukup luas banyak destinasi tempat kunjung area sawah hijau kolam ikan buat terapi ikan atv kereta sawah kolam mandi ayun tempat makan rasa lumayan worth sangat rekomended kalian nikmat suasana tenang asri,1
211,bagus sih cuma kurang wahana,0
212,tempat nya bersih cocok wisata keluarga sawah hijau pandang bagus aneka main cukup seru area kolam mandi taman,1
213,enak udara sejuk sekali lokasi sangat mudah jangkau,1
214,tempat biasa dekat daerah gunung pandang sawah terasiring enggak terlalu luas backgeound gunung arjuno jauh tiket masuk cuma parkir mobil datang hari minggu ramai sekali unjung mungkin banyak penasaran tempat sedia toilet kamar ganti bilas bayar ikhlas jumlah enggak pada padat unjung sedia musholla kecil kurang bersih kondisi atur keluar masuk kendara personel kurang sering mobil papas sulit efek macet kolam memang alami cuma kalau buat lebih aman pinggir kolam bagi kolam banyak batu tajam resiko fatal pengunjug tidak paham tempat parkir mobil musim hujan sering roda selip dasar tanah lihat overall tempat tempat biasa cuma beri man demikian rupa sehinggga tmpk lebih tarik,1
215,wisata konsep sawah harga tiket masuk sangat murah,1
216,apa kurang sini jawabanya pohon kelola tanam pohon area terlalu buka biar kesan lebih sahabat unjung mayoritas anak kecil,1
217,sering kesini bareng keluarga teman harga sahabat,1
218,tempat wahana main asyik parkir luas cuma gazebonya krg banyak kalau weekend pngunjug mmbludak,1
219,suasana enak sejuk tiket murah makan cafe lumayan enak harga standard tempat wisata aku kesini karenaa pas acara kantor suami nginep nyewa tend tenda cocok akhir pekan sama keluarga maupun teman kerja,1
220,bagus banget cuy tempat awal sempat ragu lihat comment ig bilang kalau kesana hari minggu bikin kepala pusing gedek saking ramenya hari minggu tetap coba kesana pas jam enak banget sepi super dingin ramenya mulai jam an jadi kalau kalian enggak mau ramai datang pagi but walaupun ramai tetap seru sih enggak bikin gedek wkwkwk,1
221,tempat bagus,0
222,pandang bagus makan enak harga murah,1
223,tempat its okayy lumayan wahana cukup banyak harga bilang affordable mungkin lebih saran main kereta sama bebek air worth uang keluar rendam kaki gratis terus renang gratis jadi banget jadi tuju kalau waktu luang,0
224,mantaaaapp pwoolll recomended banget buat libur keluarga,0
225,tiket masuk nya murah suasana senang utama buat anak banyak gajebo pakai buat santai lihat sawah hirup udara segar masuk wisata favorit daerah trawas,1
226,terlalu padat unjung tidak batas unjung pihak management tempat parkir mobil tidak rapi banyak jeblos untung murah,1
227,bagus tempat kolam renang sumber langsung banyak ikan spot foto banyak banyak jual enak enak makan harga jangkau atv nya sepeda gantung sepeda bebek air kereta kereta sewa kamar kalau weekend harga sewa kamar beda sini sering acara,1
228,suasana nyaman nyantai pandang macam ubud,0
229,tempat wisata bagus cocok keluarga refresh banyak saji pandang sawah latar belakang gunung tanggung,0
230,tiket murah suasana asri saran ditambahin tempat teduh gubuk sawah kasihan pas musim hujan,1
231,tempat sangat nyaman jauh ramai buat tenang diri healing tipis kesini recomended sekali gess,0
232,pandang sangat takjub karena memang lokasi sawah panas tidak dipungkiri biaya masuk murah harga makan cukup jangkau cocok jadi salah satu destinasi wisata kunjung,1
233,sejuk tambah banyak spot foto,1
234,bagus referensi healing keluarga,0
235,bagus tempat tiket masuk murah riah,1
236,tempat bersih sejuk semua tugas ramah,1
237,meski sawah cocok banget buat seru an,0
238,adminnya kurang ramah asli admin tidak ramah,0
239,bagus banget benar alam desa asli bapak tani panen padi pisah biji padi daun cara tradisional terapi ikan seru sih turut ikan gede asa banget waktu kaki gigit ikan geli bagaimana sumber air asli segar dingin air kolam kayak asli sumber air kaporit dasar kolam batu an renang bareng ikan cocok buat rekreasi keluarga wahana kereta sawah seru meski aku sedikit ngeri pas rel tikung bis kayak enggak masuk kalau elf jalan cukup mobil keluarga papas henti salah satu,1
240,kesini ulang kali mulai dagang motor sekarang banyak bangun kembang banyak kereta sawah perahu bebek becak langit,1
241,kesini cuma suka sama kereta sawah doang makan murah banget,0
242,mobil kondisi nya baik banyak tanjak curam,1
243,weekend macet luar biasa,1
244,kesini pagi banget sih terlalu ramai minus rumah makan mending spot buat cafe,0
245,tempat rekreasi keluarga murah riah lengkap banget kolam renang terapi ikan warung makan main anak musholla toilet lengkap pokok,1
246,sejuk sekali hawa,0
247,healing tipis harga murah pandang bagus worth,1
248,wisata keluarga trawas jawa timur,0
249,wisata alami tema sawah sumber air,0
250,golong eduwisata naturalis meski baru diri fasilitas lumayan pada unjung,1
251,tempat wisata kekuarga rekomended,0
252,tempat asri kolam renang area main sangat cocok wisata sama keluarga,0
253,bagus sekali pandang,0
254,recommended banget guys epic pokok akses takut hehe,1
255,tempat alami sejuk cocok wisata keluarga suatu pengin kesini,0
256,tempat bagus pandang nya banget suasana sawah sangat luas satu alam wahana banyak,1
257,wisata baru bagus banyak wahana benar fresh sangat rekomen harga tiket rakyat,1
258,terlalu banyak orang,0
259,seru bagus,0
260,tempat nyaman harga tiket jangkau,1
261,lumayan isi kosong akhir pekan udara sejuk mandi sungai nya alami terapi ikan kalau kendara kurang kuat nanjak saran lewat jalur trawas kalau lewat pandaan jalur cimory nanjaknya cukup extrim,1
262,temapt tarik nikmat suasana sumber air gunung banyak benah lengkap wahana,0
263,jadi pilih rekreasi alam,0
264,tempat pikniable kesini sama keluarga larajgan bawa makan minum luar toilet mushollahnya bersih harga tiket tiap wahana murah riah ceria syalalalala banyak sedia gazebo meja kecil manfaat tunggu anak kecil pengin renang kolam sumber parkir luas sedikit khawatir banyak unjung arah lapang parkir umput yaaaah enggak bagus buat mobil roda mobil masuk lumpur alam suami pernah batu dorong mobil unjung mobil jebak akses jalan satu arah pandu baik hati hati masuk keluar lokasi tikung sangat tajam jalan turun curam pasti driver mahir trampil kuasa segala medan,1
265,bagus tempat santaenya kurang banyak,1
266,keren sejuk plang nama wisata nya jelas kalau tuju kesana langsung belok gang masuk nya kemarin cari meski bantu google map tetap hampir nyasar posisi mau masuk gang jalan nya turun tidak lihat nama wisata nya,1
267,ekonomis tempat indah,0
268,tempat enak makan enak harga standart pandang bagus ig fitriya hanim,1
269,harga tiket masuk murah sekali cukup pandang sawah hijau bagus sekali cocok buat mau jalan jalan nikmat indah alam trek jalan lumayan naik terasering sawah banyak jual mandi beberapa wahana main akses masuk cukup kecil sebab antri masuk keluar saran jalan masuk keluar beda biar tidak jadi antri mohon tempat parkir paving hujan tidak becek kemarin sempat mobil tidak keluar parkir ban nyngkut tanah becek moga fasilitas lebih baik,1
270,sayang pas hujan jadi kurang puas main air nya,0
271,enak buat nyantai pandang bagus angin milir area main buat anak,1
272,kurang tempat beristrahat,1
273,wisata keluarga murah riah makan standart harga golong murah,1
274,sarana fun gathering jaga kompak sama teman teman wisatawan kelola lahan sawah bukit tambah suasana unik,0
275,pas weekend kesini tepat hari minggu luar biasa ramai memang keluarga ramah banyak wahana main buat anak suguh hampar sawah kebun kebun cabai tiket masuk wahana harga gantung wahana area kolam renang cocok anak tidak main lebih dekat alam,1
276,bagus alami cuman kalau pas hujan alamat pindah warung warung kecil jangan lupa bawa payung,0
277,sejuk tempat air segar lagsung sumber,1
278,tempat tambah apik sekarang banyak wahana baru tiket nya murah,0
279,tiket murah banyak wahana,1
280,bagus tempat nya harga jangkau,1
281,murah tempat bagus sangat instagram meble banget,1
282,atur tidak baik parkir tidak unjung tetap biar masuk area tidak arah parkir suruh jalan terus akhir tembus pintu keluar,0
283,benar wisata seru konsep unik terlalu siap terima banyak wisatawan efek viral wisata sering overload utama akhir pekan bahkan kalau pas overload enggak masuk pulang kecewa suasana lumayan jangan ekspektasi bagus banget foto foto sosmed asli sawah biasa cantik mana terkadang hijau cantik terkadang kuning malah cuma lumpur fasilitas kurang toilet banyak wahana tidak banyak overload hampir semua fasilitas sebut antri stok tempat duduk tempat teduh kurang banding banyak wisatawan jadi siap siap kaki pegal panas habis main main lapar sayang semua stand makan antri enggak bagi tempat padahal masuk jam makan sendiri minat balik kesini atas tahun semua fasilitas siap seperti memang usaha kelola tambah fasilitas sekarang aktif ikut tips kalau mau kesini nyaman bisa mungkin hindar weekend bawa tikar sendiri duduk kalau bawa bekal makan sendiri akhir medan sini kalau lewat prigen cukup sulit bahkan tuju kesini lewat kampung duduk jalan sempit naik turun jadi pasti kendara sehat kemudi milik alam cukup,1
284,salah satu hidden gems trawas akses jalan masuk lewat kampung kecil sama awal lebar bus pariwisata masuk harga tiket masuk rp anak atas satu tahun tinggi lebih cuma bayar tiket parkir mobil rp tiket masuk nikmat cuma wahana mandi kolam air dingin kolam terapi ikan sama pondok kecil mirip gazebo sebar sawah gratis buat duduk foto wahana bayar si kayak atf kuda sepeda becak layang kereta makan cukup agam harga jangkau goreng gede pcs minum saset rata rp mie cup rp rujak manis rp puding rp aneka kerupuk hasil kebun kayak ubi mentah jeruk overall cukup muas healing orang dewasa main anak banyak area swa foto instagram able,1
285,sangat bagus,0
286,buat keluarga oke,0
287,suasana dinginmmm banget,0
288,senang,0
289,bagus beberapa wahana gratis ex kolam lain bayar asri tempat,0
290,main tempat wisata tahun selang sekarang tempat lebih luas jalan masuk bagus wahana banyak banget tiket masuk rp ribu orang pujaseranya seru banget deh jadi kayak one stop wisata enggak bakal sesal main kesini fasilitas lengkap toilet musholanya semua gratis banyak saung buat duduk santai harga wahana wisata mulai ribu orang gantung wahana yuk kunjung gengs,1
291,tempat sejuk hargau jangkau jadi pilih keluarga libur,0
292,tempat bagus hangout utama keluarga,0
293,tempat wisata murah riah daerah trawas patut coba renang terapi ikan main beberapa wahana cukup nikmat udara segar sawah kolam banyak sedia stand makan harga jangkau hati hati masuk area wisata jalan raya pas tanjak belok mungkin belum perlu beri tunjuk jalan,1
294,asri pandang desa,0
295,bagus banget,0
296,wisata sawah sangat menentramkan hati,0
297,tempat bagus fasilitas lengkap wahana main seru harga tiket murah kolam renang kereta sawah bebek air sepeda layang becak terbang cocok buat rekreasi bareng anak,1
298,suasana cukup nyaman hingga betah sana,0
299,wisata murah manfaat,0
300,benar konsep bagus unik siap jadi tempat wisata tampung banyak wisatawan viral akhir overload utama akhir pekan bagus sosmed realitanya sawah cantik bagus buat suka suasana alam kurang cocok buat cuma mau wisata cantik fasilitas bilang kurang wahana cuma beberapa selalu antri akhir jadi kurang minat coba semua wahana tempat duduk tempat teduh kurang banding jumlah unjung jadi siap siap kaki pegal panas jelang siang lapar semua stand makan antri enggak tempat duduk padahal set masuk jam makan siang akhir kesini cuma coba satu wahana habis lapar restonya antri paksa cari resto luar enggak jadi coba wahana pribadi kurang kenan balik kesini atas tahun fasilitas banyak baik perlu apresiasi pihak kelola sepertiny usaha tambah fasilitas aktif jadi wisata tarik lama bukan weekend kalau weekend pikir toleransi antri ramai mungkin tetap jadi wisata tarik kurang suka antri timbang akses kesini kalau lewat prigen susah medan banyak tanjak turun tajam kelok pasti kendara sehat kemudi milik cukup alam,1
301,tempat nyaman healing keluarga pandang nya bagus makan murah jangkau wisata olah warga tempat,1
302,akses jalan tempat parkir sangat kurang tidak,1
303,wisata alam harga tiket masuk jangkau,1
304,pernah kesini hujan keren,0
305,harga tiket masuk murah riah cuma ribu parkir ribu,1
306,harga tiket masuk orang sih jadi salah satu opsi buat anak kecil harga makan minum relatif murah kategori tempat wisata mungkin perlu kembang wahana main anak fasilitas gazebo pondok,1
307,bagus sejuk asri tidak kolam renang kolam air nya sumber langsung,0
308,guesthousenya bersih air panas kurang banter banyune enggak tvnya memang sengaja nikmat alam desa,1
309,wisata murah sejuk,0
310,murah riah,1
311,sekarang tambah bagus fiewnya sawah alami tiket masuk enggak mahal,1
312,tempat nyaman buat libur tipis murah riah,1
313,desa punya nilai jual tinggi duduk saling gotongroyong baik rasa hasil kerja keras,0
314,wisata alam baik ramah kantong banget wisata air bersih alami cocok wisata keluarga,1
315,usaha pagi kalau kesini jamin lebih keren,0
316,tempat sangat tarik kunjung keluarga time,0
317,sangat bagus cocok buat anak,0
318,tempat sejuk sumber air sangat jernih cocok keluarga anak wisata edukasi relaksasi murah tiket ribu masuk,1
319,wisata nyaman murah,0
320,mantap buat wisata bareng keluarga biaya masuk person super murah buat tempat indah lho sawah wahana parit sungai kecil kolam mandi parkir luas parkir mobil kuliner cuma dikit banget tempat atap takut pas hujan terik kurang nyaman saran tahan wahana nya biar enggak rusak beri tempat atap teduh,1
321,wisata konsep sawah kaki gunung kolam mandi kolam ikan wahana sepeda gantung ayun naik kuda naik kereta keliling sawah bebek air pojok dolan tempat makan sedia tempat jajan cocok buat refreshing sama teman teman keluarga tahu tempat istirahat bangku bangku saung kurang banyak gendong bayi jadi cape kalau jalan terus,1
322,template nyaman,0
323,tempat camping mantab,1
324,harga tiket masuk parkir mobil naik kereta harga makan standart lumayan lah,1
325,tempat sejuk tempat teduh kurang pas waktu hujan perlu benah jalan parkir tempat parkir beri tempat makan bawah kurang,1
326,pandang alam indah cook santa bising kota pandang sawah,1
327,wisata keluarga ramah anak,0
328,tempat nya asri sejuk,0
329,mantap banget tempat,0
330,bagus murah,1
331,wisata murah riah uapik nomor debat,0
332,suasana sawah keliling bukit mantap,0
333,tempat asri sejuk pas banget buat keluarga,0
334,bersih alami harga tiket masuk sangat jangkau semua kalang cocok keluarga anak anak,1
335,pandang tengah gunung nyaman,0
336,wisata murah riah beberapa wahana tetap bayar,0
337,tempat rekreasi murah riah seru asyik pandang bagus banget harga makan murah tiket main murah cocok buat keluarga,1
338,tempat nya bagus dingin sejuk sawah first time sumber gempong waktu tahun baru kemarin ramai sekali unjung sayang waktu makan salah satu tempat makan nya saji nya kurang bersih daun pisang nya tanah enggak lap dulu daun pisang lebih oke kok harga tiket masuk per orang parkir motor,1
339,wisata keluarga alami tiket masuk include kolam renang nikmat wahana main mulai sangat murah fasilitas tawar sumber gempong kelola taman ghanjaran semua desa ketap ramai makan relatif murah kurang batas parkir utama roda jadi usaha kalau kesini pagi saat weekend lebih jam parkir penuh pintu masuk utama kalau hari biasa bisa,1
340,kalau suasana desa natural sin tempat,0
341,harga tiket masuk ribu orang wisata air alami sejuk indah bersih kolam renang kolam ikan wahana lain harga mknan minum jangkau warung nya recomended wisata keluarga rombong,1
342,camping sama kecil,1
343,tempat sejuk cocok buat healing anak tiket masuk murah tiket wahana harga sok far jangkau lebih suka naik kereta sawah mandi air sumber terapi ikan rekomended,1
344,harga tiket masuk murah naik wahana bayar cocok buat anak kalau renang gratis,1
345,tempat healing nyaman murah kantong pandang wahana alam air sumber bersih terapi ikan gratis toilet wc bersih musholla bagus banget deh pokok enggak kecewa,1
346,wisata murah riah pandang alam super sejuuuuk,1
347,tempat rekreasi sawah suasana sejuk,0
348,parkir kurang jauh kalau pas hari libur susah cari parkir parkir jauh minta ampun kamu,1
349,yaman bersih asri,1
350,tempat syahdu habis waktu,0
351,bagus asri nyaman udara sejuk,0
352,wisata sawah baik kalau kesini syahdu poll hihihi next time kesini,0
353,sangat nyaman,0
354,wisata lihat sawah pandang gunung tanggung makan murah selesai bangun,1
355,banyak proses bangun moga cepat jadi,1
356,tempat becek,1
357,sana pagi jelang siang hari jadi panas banget mungkin saran banyak gazebo tempat buat teduh,1
358,wisata sawah benar semua keluarga senang utama anak alam pertama main tengah sawah harga tiket masuk cuma tiket wahana mulai makan minum jual sana bilang murah akses jalan tuju lokasi baik pokok puas ajak main keluarga sana,1
359,fasilitas lengkap cocok buat mau rekreasi alam sepeda terbang kalau mau coba kurang cuma jalan tukik hati banget kalau nyetir pakai mobil,1
360,wwaahhh buat suka sejuk pas banget hemat bahagia tidak mahal sini tempat murah riah semua,1
361,pandang sawah gunung wahana murah riah,1
362,wisata murah riah,1
363,murah dingin wahana lumayan banyak,0
364,suasana asri ingat desa,0
365,hawa sejuk pandang indah nyaman sekali wisata keluarga,0
366,tempat indah sejuk dingin,0
367,kabar kelola bumdes tidak pungut parkir liar bayar loket depan,1
368,bagus sih makan murah enak,1
369,wisata alam asri,0
370,datang pas pagi baru buka jamin suasana sangat ueeennaakkkkk refreshing,0
371,parkir mobil benah lebih,1
372,tempat luas sejuk pokok nyaman buat refresing,0
373,waduh kata hari tidak terlalu ramai aduh nyata,0
374,cocok rekreasi sama keluarga,0
375,bagus sangat keren asli bagus banget sejukk,0
376,pertama kali kesini pandang bagus wahana kereta api keliling bagi sawah rel atas sawah sumber air kayak kolam kecil buat main air anak,0
377,wisata jangkau fasilitas oke banget harga ramah harga makan tidak ngawur rasa lumayan parkir luas banyak wahana main kolam renang gratis dipunggut biaya spot foto banyak pandang natural pkknya healing keluarga murah,1
378,kopdar bareng teman teman kmk komunitas mitsubishi kuda,0
379,tempat asri bagus sejuk bersih cocok sama keluarga anak sayang kurang lengkap main nya the best pokok kalau tambah kolam anak kecil lebih enak min,1
380,sejuk nyaman tiket murah alami,1
381,sejuk alami sekarang semua nya lebih bagus banyak baik cocok hilang kan penat hari nya kerja,0
382,rupa tempat wisata alami tampil pandang alam natural,0
383,sejuk murah cukup rupiah,1
384,tempat seru bawa anak jalan tiket masuk murah jalan masuk nya sempit curam,1
385,pandang bagus musholla utara sederhana parkir utara tanah kalau habis hujan,1
386,tempat sangat bagus buat libur akhir pekan terus tiket msuknya murah riah wahana main banyak tiket jangkau banget spot ftonya banyak bagus enggak bakal rugi deh buat anak renang,1
387,oke banget buat wisata keluarga,0
388,suasana desa sangat cocok ajak keluarga sini pandang sawah gunung sini sumber air buat renang fasilitas lumayan lengkap mulai kolam renang kolam ikan sepeda air kincir angin sepeda angin kereta mini beberapa pujasasera makan murah enak lahan parkir sangat luas akses jalan bagus tiket murah sekali bawa mobil orang cuman ribu gratis renang kalau naik main lain bayar makan rata ribu,1
389,indah sejuk senang asli asri sejuk senang,1
390,tempat luas murah recommended,1
391,murah riah sejuk pandang luar biasa,1
392,simply beauty sederhana cantik,0
393,pandang exotic nuansa desa bingittt,0
394,sangat cocok sekali tempat refreshing sama keluarga,0
395,tempat tema wisata sangat bagus ramah anak asyik wisata keluarga,0
396,tempat wisata alami cocok buat keluarga tiket masuk murah riah,1
397,sejuk sekali pas banget kesana gerimis tipis jadi ngeteh ngopi nikmat pandang sawah gunung rekomen banget,0
398,suka lokasi,0
399,lumayan wisata keluarga parkir lebih tata areal camping cari lebih rindang fasilitas tunjang,1
400,lokasi masuk dalam jalan aman tidak curam wisata kelola beberapa pihak baik swasta bumn harga tiket masuk masuk main kolam renang gratis kolam renang campur sama ikan kereta api keliling sawah sepeda becak terbang terapi ikan harga main tolietnya cukup bersih tenan jual makan minum foodcourt harga makan minum sangat murah jam tutup jam sore lahan sangat luas masuk sawah bentang jadi mungkin kelola sulit pantau unjung buka malam wisata murah cukup buat keluarga berrekrasi meski tanggal tua,1
401,suka banget wisata sini tiket murah riah per orang parkir motor sini sedia wahana main nikmat semua umur kereta sawah bebek sepeda ayun putar biaya tiket per orang sekali masuk sini terapi ikan lo kolam renang anak dewasa dalam cuma paling jangan khawatir kalau lapar haus banyak warung dalam wisata harga jangkau,1
402,seru harga jangkau kamar mandi bersih,1
403,tempat wisata tiket masuk paling murah daerah trawas rbu nikmat mandi terapi ikan spot foto gratis banyak kantin wahana macam makan murah wahana harga standard foto list harga wahana bawa tempat wisata cocok libur tanggal tua kurang mungkin jalan masuk area wisata kurang lebar,1
404,toilet lebih banyak akses jalan keluar segera baik kalau musim hujan buat bahaya kendara motor,1
405,wisata alam sawah alami sangat sarat didik out bond murah sangat manfaat,1
406,tempat seru banyak wahana harga tiket murah,1
407,bagus pandang cuma tinggal akses masuk baik,1
408,tempat libur nyaman suasana sawah gunung tiket masuk ramah kantong,0
409,tiket masuk ribu orang wisata sawah era postmodern harga makan minum relatif jangkau lebih saran sini pas weekday pas weekend lumayan ramai tadi pas sini komunitas ada acara gathering rapat kerja,1
410,tiket masuk cocok buat main anak keluargs,1
411,tempat wisata akses jalan mudah tiket masuk murah cocok banget refreshing sama keluarga kolam renang asri alami banget coba banyak wahana saran mau kesini pas weekend datengnya pagi siang dikit ruameee pol,1
412,air nya suejuk sumber alami,0
413,sangat bagus buat manja mata tempat nya moga tambah ramai wisata nya,0
414,sejuk,0
415,edukasi cucu tani,0
416,cocok wisata keluarga anak kecil kolam renang terapi ikan gazebo sawah gratis kuliner jangkau,1
417,bagusssss,0
418,mantab tiket murah layan ramah pandang bagus,1
419,tempat rekreasi banyak wahana utama anak anak keluarga cocok ramai ramai banyak saung tengah sawah udara pandang bukit bagus foodcourt bagai macam makan menu rumah minum harga relatif murah mushola toilet cukup bagus,1
420,wisata desa tawar beberapa main,0
421,pertama kali kesini penasaran viral hehehe sengaja berangkat pagi surabaya atas sbagian review orang ig kalau siang ruame sangat panas pasti kan wisata sawah panjang jalur masuk banyak tugas arah area parkir lumayan rapi meski medan pada tiket masuk orang parkir wahana beli tiket ribu per wahana terapi ikan kolam mandi gratis pujasera nya harga lumayan murah sayang kolam mandi kurang nyaman campur ikan overal lumayan bagus kalau kesana memang mending pagi kalau nikmat semua antri panas terik heheheh,1
422,bagus,0
423,masya allah tabarakallah tempat bagus luas manja pandang gunung hampar sawah indah,0
424,kereta antri lumayan jalan lumayan gang pertama masuk sempit banget,1
425,pandang indah tidak antri jajan tempo dulu banyak wahana main anak dapat gazebo sawah istirahat musholla cukup buat satu keluarga kecil recommended pokok,1
426,wisata sawah cocok outbond anak cocok libur keluarga wahana murah riah cukup senang banyak gazebo teduh,1
427,tempat nya bagus harga sesuai bpjs,1
428,asik pokok,0
429,tempat alami layan baik,0
430,tempat asik kalau musim panas tempat panas banget soaleh sawah,1
431,wisata sawah dingin sejuk asri kolam renang buat main anak anak sepeda terbang kereta kelinci jalan atas sawah atv lain,0
432,wisata jos,0
433,sangat cocok wisata keluarga hawa sejuk pandang gunung beberapa pilih wahana,0
434,lebih baik wisata jangan akhir pekan hari libur kalau hari libur usaha pagi pagi jam sore atas,0
435,tempat saran lurus tempat penuh sangat kecewa lama niat pengin kesini enggak masuk dalam,1
436,wisata murah riah cocok keluarga,1
437,bagus murah riah,1
438,wisata pandang sawah sumber gempong rupa salah satu wisata keluarga mojokerto tepat daerah trawas tempat wisata suguh pandang alam mulai sawah bukit wahana air tempat cocok cari hawa lebih sejuk merigratissh mood cocok bawa anak kecil wahana aman kadang lebih dingin kabut turun,1
439,tempat bagus,0
440,wisata bagus buat refreshing,0
441,pandang bagus sih cocok tuju healing merefresh cuman eman banget enggak tempat teduh pas ujan jadi betul pas kesana ujan tempat teduh rada jauh jauh tempat teduh tetap ketampes kan tempat outdoor sawah jadi angin kencang paksa ngiyupnya kamar mandi untung pas kesana sepi kalau ramai bagaimana,1
442,tempat bagus proses benah seperti lebih banyak wahana saran kelola wisata outdoor lebih baik sedia kantin tempat teduh pendopo lebih luas wisatawan tidak hujan,1
443,wisata affordable keluarga suka banget sama kereta sawah sama kolam terapi ikan dingin banget kereta saran beli tiket nya dulu kalau pas ramai terus tinggal main antri banget oiya warung nya banyak pengungung lebih banyak jadi lebih baik bekel rumah saran enak lewat pandaan arah pabrik gudang garam terus rute tanjak via jolotundo jalan relatif bagus bebas macet,1
444,tempat wisata murah enggak murah,1
445,harga tiket masuk wahana prmainan saran prbnyk toilet,1
446,tempat wisata murah riah cocok buat ajak anak anak keluarga harga makan masuk wajar bahkan murah kelas tempat wisata apabila mau naik wahana harus beli tiket anak bawah tahun gratis moga bantu ulas,0
447,parkir luass layan ramah harga tiket masuk murahh,1
448,bagus tempat nya tarik banyak wahana,0
449,tempat luas sejuk bagai pilih makan khas asli luas sejuk tempat banyak pilih specialties nya,0
450,full kalau libur harga makan minum jangkau,1
451,tempat sih lumayan enggak jauh jauh jalan raya jalan enggak rusakk tiket enggak pakai antri panjang padahal kondisi ramai tiket datang langsung bayar cepat banget lahan parkir luas harga tiket wahanya jangkau saran toilletnya tambah biar antrianya enggak terlalu panjang wahana bebek air ditambahin bebek biar antri enggak terlalu panjang,1
452,tempat sejuk bersih asri pas banget buat referensi libur keluarga fasilitas lengkap menu makan berfariasi harga aman kantong,1
453,pandang pandang siipppp main makan murah riah top,0
454,bagus,0
455,lumayan buat referensi refreshing bareng keluarga,0
456,wisata keluarga senang banyak wahana main anak hingga dewasa,0
457,kalau tambah gasebo tengah sawah menu makan khas des mantap,1
458,tempat indah asri wahana nikmat santai makan warung enak,0
459,wisata sangat sejuk senang,0
460,tempat refreshing keluarga sangat rekomended,0
461,tempat luas nilai sedang akses masuk sulit jalan sempit antara mukim warga,1
462,seru murah bawa makan luar makan sama keluarga nikmat pandang sawah gunung,1
463,mending pagi sih kalau kesini biar enggak vanassss,0
464,pandang nya bagus tiket masuk murah makan nya murah pokok nya enggak kecewa,1
465,wahana kereta api lewat sawah sangat tarik cocok keluarga anak anak tata dagang cukup baik lokasi cukup sejuk panorama gunung keliling,0
466,tempat wisata alam cukup tarik atmosfir sawah terasiring sejuk dapat kolam renang sumber air asli gunung beberapa wahana cocok keluarga anak anak dar saran mohon tingkat musholla tidak terlalu sempit campur laki laki perempuan volume unjung hari libur tinggi layak musholla lebih besar,1
467,banyak spot foto desa tempat asri sejuk,1
468,tempat nyaman sejuk parkir mobil elf sedia nampung an mobil ratus motor fasilitas main banyak tiker murah riah,1
469,minggu nop jam jalur masuk keluar jaga atur kendara beberapa titik sangat bantu meski jalur sempit upa tanjak turun tiket masuk orang masuk terapi ikan mandi tarif parkir mobil area parkir luas mayoritas tanah jadi kalau hujan becek sore hari nyaman tidak panas udara sejuk terapi ikan sip antri banyak lokasi mepet mandi takut peleset jatuh sayang air mandi tidak jernih banyak ikan jadi mandi ikan gubuk tempat duduk sebar keluarga duduk salah satu gubuk nikmat alam sawah cukup tarik beli kerupuk samiler mentah ribu plastik kerupuk samiler goreng nyata enak bingitz pedas dikit kriuk poll recommended,1
470,pandang bagus,0
471,lembah sawah sulap jadi tempat wisata,0
472,makan murah riah suasana asri desa banget kereta sawah bebek pakan ikan,1
473,cocok rekreasi sama keluarga teman,0
474,gepreknya enaak,0
475,tempat bagus banget cocok banget buat healing,0
476,tiket masuk ribu parkir motor ribu tempat bersih luas cocok wisata keluarga,1
477,keren banget tempat,0
478,muantab indah tempat,0
479,toilet tempat duduk sedikit,1
480,asyik banget,0
481,wahana rekreasi pandang gunung kereta kelinci naik kuda poni kolam renang sawah,0
482,asiek keponakan aku suka semua,1
483,tempat wisata sejuk alami pandang sawah sangat nyaman pandang,0
484,wisata pandang pandang bukit sayang kolam renang ubah pertama kali datang mungkin coba kolam renang buat kedung klurak biar lihat bersih wahana main antri cukup lama banget panas buat anak kecil bosan,0
485,cukup bagus tempat terus benah nyaman unjung maju terus bumdes ketapanrame trawas,0
486,worth harga tiket masuk pandang bagus sejuk banget harga tiket wahana enggak terlalu mahal jangkau makan enggak terlalu mahalll ayam bakar rasa enak,1
487,tenang sekali kalau buat nongkrong,0
488,bagus tempat nyaman,0
489,buat healing lihat pandang sawah gunung buat main anak anak cukup murah jangkau enak pas pagi hari jam jam sore waktu mendung syahdu sejuk,0
490,tempat wisata ada daerah lembah akses masuk arah trawas prigen belok vanda gang belah kiri jalan plakat hansip jaga masuk jalan turun ikut loket bayar per orang parkir motor wisata tawar buah hampar sawah latar belakang gunung tanggung eksotis situ wahana main kereta sawah prau angsa dremulen sepeda layang kolam mandi kolam terapi ikan gratis situ banyak tempat duduk gazebo sebar luas pendopo guna tempat nongkrong teduh warung jual olah hasil kebun warung jual bagai makan minum lebih baik datang pagi jam pagi tempat sepi beri kesan nyaman hening sendiri jam trmpat mulai ramai unjung makin membludak sekian terimakasih,1
491,kakak nya ramah ramah,0
492,pandang sawah hijau asri unjung buang sampah sembarang,0
493,tempat bagus sejuk timet masuk murah cuma parkir motor tiket wahana murah mulai makan minum masuk murah area wisata harga mulai goreng besar jadi wajar lah harga segitu moga makin kembang,1
494,alami,0
495,tempat lumayan besar wahana main anak harga tiket masuk ribu orang parkir mobil ribu lokasi tempat mandi air sumber dangkal anak kecil air dingin tempat makan snak gasebo santa wahana main bayar suasana sejuk pandang sawah,1
496,wisata murahmeria,1
497,gapura bolak balik kali selalu bilang penuh sama hansip nya,0
498,tematnya bagus wahana murah,0
499,exit buruk,1
500,tempat rupa wisata sawah arti sungguh ada area sawah duduk tempat asri natural pandang alam sangat indah udara sejuk segar dingin alami suasana sangat tenang aman nyaman senang fasilitas lengkap kolam ikan terapi kolam renang alami air sangat jernih bersih area foto pandang bagus fasilitas main bagus padah layan baik ramah senang,1
501,asyik tempat murah riah tiket masuk orang gratis terapi ikan santa saung sawah jumlah an renang air alami banyak main anak keluarga harga relatif jangkau bebek air kereta ayun sepeda gantung becak gantung villa kalau weekday kamar kalau weekend makan hitung murah tempat wisata pop mie aqua saran kalau mau kesini pagi pagi sekali sore kalau siang dikit audah ramai panas,1
502,murah riah banyak wahana pandang sawah goda bikin mata ijoo,1
503,jual makan sedikit toilet kurang,1
504,karya wisata daerah ketapanrame mojokerto rupa desa brilian rupa desa bina bank rakyat indonesia ro surabaya desa inisiasi bumdes ketapanrame support bank rakyat indonesia lalu program corporate social responsibility bagi kembang masyarakat area wisata bagi atas tiga bagi besar area wisata kuliner area wisata alam area wahana wisata area wisata kuliner bagi area wisata kelola bumdes sedia makan utama area kelola pihak umkm bina bumdes ketapanrame jumlah toko umkm sedia minum makan ringan area wisata alam sini wisata mandi kolam ikan area wisata agro area wisata wahana sini aneka main kolam kereta api area parkir kendara sedia kendara roda empat ratus lebih kendara roda sini sedia mushola toilet,1
505,sangat bagus harga sangat jangkau masuk nya ribu gratis renang pandang sawah indah naik wahana nya mulai ribu makan minum jangkau cukup muas moga lebih indah tambah wahana lain,1
506,tempat wisata keluarga paling rekomendasi tiket jangkau terus belanja sayur lansung tani,1
507,wisata alam cocok keluarga keluarga besar teman harga jangkau nikmat alam main,1
508,tempat nya luas makan nya upa pujasera umkm batas duduk nya suasana sana sejuk segar meski ramai harga orang habis ribu masuk makan minum wahana main parkir harga tiket masuk,1
509,bagus banyak wahana tarik naik kereta keliling sawah,0
510,cukup bagus buat healing,0
511,sangat bagus sekali nuansa khas desa sawah gunung wajib datang,0
512,mantab banyak area main luas sekali,0
513,akses jalan sempit daoat hadiah beret kanan kiri selip mobil keluar harus memang kalau parkir penuh mobil mau masuk stop jangan penuh masuk,1
514,jangan pernah kesini kalau mobil kalian pengin aman jalan sempit banget cok mobil gue langsung beret kanan kiri mana mobil baru beli cok,1
515,rawon iga sumber gempong coba unik rasa mantap,0
516,lingkung alam takjub,0
517,keren sih sawah jadi tempat wisata fasilitas lumayan banget tiket masuk sangat murah kamar mandi bersih kesana karyawan kelola ramah ramah banget,1
518,tempat nya sejuuk cocok buat wisata keluarga mungkin tambah gubuk nya semangat benah,1
519,mantab terapi ikan,0
520,tempat nya nyaman,0
521,rute masuk terlalu sempit kuota masuk tempat batas,1
522,cocok wisata keluarga healing jadi lebih seru wisata sumber gempong kec trawas kab mojokerto,0
523,alhamdulillah hilang rasa penasaran sama istri kesana tata sawah wisata lumayan bagus pondok tempat istirahat gazebo gubug lumayan banyak kalau kesana dtidak perlu bawa uang banyak meski arena main kereta mini becak udara bayar semua bagaimana wisata kota relatif harga wajar kalau kamu beli jajan minum makan bakso kamu naik kalau kamu sholat naik lewat kolam renang bayar air moga waktu lihat jernih jadi tidak jadi renang kuatir entar sakit hobby keluarga kalau tempat wisata selalu cari tempat kolam renang baru selfi nah cukup sekian alam perdana cukup kali puas entah kalau kolam renang lebih bersih baru kesana,1
524,lokasi wisata letak daerah trawas mojokerto kena tiket masuk per orang rupiah naik sepeda motor kena biaya parkir rupiah mobil rupiah fasilitas hibur lumayan lengkap buat renang kuda maupun pakai kendara atv tambah biaya unjung coba tempat wisata pandang keliling sawah latar belakang gunung tempat ramai unjung waktu akhir pekan sedia tempat beli makan maupun minum toilet kesini jaga bersih waktu kesini lihat banyak unjung suka buang sampah sembarang lihat banyak sampah sera,1
525,bagus sejuk udara mushola harga makan jangkau,0
526,bagus indah,0
527,wisata baru kolam renang alam naik kereta anak naik kuda taraf kembang bagus buat selfie tiket masuk rp per orang,0
528,salah satu tempat wisata alam suasana desa gunung ds ketapanrane kec trawas nyaman santa olah raga healing bagai,0
529,jalan keluar masuk enggak atur,1
530,tempat lumayan sejuk jalur tuju lokasi sempit mobil,1
531,tempat bersih mungkin tambah pohon besar rindang satu tempat gapura makam tua batu lingga batu merah besar moga jaga kelestarianya,1
532,bagus suka kereta sawah,0
533,lokasi nyaman cocok buat piknik keluarga sedia gazebo banyak wahana main anak ramah kantong,1
534,terlalu ramai akhir pekan tempat parkir keri penuh sesak akses sulit area main tidak terlalu mati terlalu lama orang antri pelihara kurang baik,1
535,lumayan enak buat acara keluarga sg nuanaa alam,0
536,tidak rekomendasi unjung kota area parkir kurang nyaman ramai,1
537,akses keluar masuk kendara sulit,1
538,tempat nyaman cocok libur sama keluarga makan enak murah,0
539,bulan lalu keluarga besar libur kesini kesan sangat baik kenang soal pandang enggak usah ragu tempat bersih sejuk indah sedikit asih alam kesan pegawai ramah sangat baik hp keponakan tinggal camp tinggal tidak sadar hp tinggal dikembikan pihak pegawai pulang mobil tumpang alami ban bocor sehinggga ganti ban pegawai saling kontak nyarik dongkrak inti tempat wisata rekom banget,1
540,tempat asri sejuk pas enggak panas hujan jadi nyaman cuma wisata outdoor jadi nya banyak ngerokok kasihan anak ibu enggak suka asap rokok,1
541,tarik murah senang,1
542,tiket masuk murah wahana sedikit pandang nya amazing tiket kereta ribu becak ribu sepeda ribu parkir ribu,1
543,nyaman dingin asri,1
544,refreshing murah riah segar udara angin sawah beberapa hibur main,1
545,bagus wahana hibur sejuk mata,0
546,wisata alam bagus tunjang mandiri ekonomi masyarakat desa buka lapang kerja warga tempat,0
547,dingin asik,0
548,murah riah,1
549,lebih baik datang pagi hari suasana desa sawah mandi terapi ikan kereta sawah,0
550,aduh sumber gempong nya sangat indah ku,0
551,cukup senang,0
552,tempat wisata desa cocok keluarga time sesuai nama tempat dapat sumber air letak bawah pohon beringin bawah kolam mandi anak wahana sedia patut coba bebek air kereta atas awan sepeda terbang banyak pandang tempat lokasi sangat manja mata masuk suguh pandang hampar sawah pandang gunung belah kiri lihat sumber air tepat bawah pohon beringin harga tiket masuk orang parkir sepeda motor motor rekomend,1
553,adminnya buka minta maaf fasilitas malah lah loh lah loh tempat wisata macam apa tempat parkir tidak tindak milik,1
554,enggak rekomended buat punya mobil kesana pas hari minggu kondisi hujan area parkir jadi medan off road,1
555,apeessss parkir trpergkap lumpuuurr,1
556,naik kuda kereta terapi ikan kalau hari minggu padat sekali unjung,0
557,ampun kalau musim hujan kayak begini harus fasilitas parkir benerin dulu pak kades pasuk jebak lumpur sasar unjung jangan parkir bawah kalau musim hujan begini,1
558,luar biasa senang ulang,0
559,tempat bagus beberapa wahana main plus kolam renang sumber alami meski parkir mobil alas tanah info tugas depan lahan parkir cor makan banyak varian nya harga murah,1
560,salah satu destinasi wisata alam indah sangat cocok wisata keluarga lokasi lembah sawah antara bukit bukit hijau kuliner khas desa ketapanrame baik adalan rasa kopi lokal ketapanrame sangat recommended,0
561,akses mudah aman parkir luas pilih wahana banyak tarik jangkau aman area pujasera bersih nyaman jangkau cocok wisata keluarga wisata edukasi integrasi sawah warga guna produktif betul daya datang pas warga panen padi salah satu bidang sawah,1
562,kelola harap perhati banyak tempat teduh jumlah sangat sedikit teduh rebut ganti tempat bilas sangat sedikit antri toilet letak jauh mushola kotor debu baik lantai keramik bukan plester moga jauh lebih baik,1
563,meski tahap kembang punya potensi jadi wisata unggul milik pandang sangat indah,1
564,wisata murah riah,1
565,tempat bagus banyak spot buat foto harga tiket msukx terjngkau terus wisata kuliner pokokx lengkp semuax sana dijmin enggak sesal pergi jalan wisata sawah sumber gempong malah pengin balik kesna,1
566,bagus buat healing jenak tiket masuk murah,1
567,tempat bersih jual makan hargax sesuai pokokx enak tempat wisatax,1
568,tempat wisata wajib kunjung harga murah nikmat pandang alam sejuk,1
569,tempat wisata tarik ada gunung tanggung kaki bukit gunung ringgit hawa cukup sejuk sumber air satu kolam kecek cari ikan gatul parkir mudah masuk murah antisipasi hujan kayak becek parkir,1
570,mantul enak manda sejuk latar sawah hampar hijau kuning nya padi siap panen rapi gunung exotis sekali enak buat leseh keluarga tiket masuk murah riah kalau weeknd penuh enggak parkir pokona mah top martkop sumber gempong euy,1
571,benar pilih wisata sangat tepat lepas lelah jenuh aktivitas hidup kota sangat nyaman,1
572,kemarin habis sini jalan surabaya jam guna motor awal hampir nyasar nyata tempat wisata masuk gang kecil pas tuju senang banget suguh indah alam sawah hijau background gunung sangat jelas minus cuma panas memang jarang tempat teduh recommend kok pas kesana kantin enggak buka semua mungkin hari senen beberapa buka makan harga murah kok start ribu wahana sangat jangkau mulai ribu paling suka wahana kereta kitar sawah seru sekali air sejuk asli sumber gunung jadi mskipun panas enggak bikin belang kulit kemarin pengin naik kuda kata orang jaga loket ada cuma hari weekend its oke sih hehe oiya tiket masuk murah banget ribu per orang parkir motor ribu jalan tidak terlalu tanjak curam jadi mau kesana bawa motor sangat worth,1
573,wisata sangat murah riah harga tiket masuk nya murah orang mau makan murah pangsit mie ayam pakai tepak makan plastik mau naik wahana murah mulai pandang nya bikin refresh gubuk pakai buat ngdingin main air sawah,1
574,mantap banget,0
575,tempat asik naik wahana kereta keliling sawah,0
576,tempat nyaman asri enak banget buat healing introvert ramah banget tempat,0
577,kunjung hari minggu siap panas macet,1
578,harga tiket masuk orang masuk lokasi parkir tiap main beli wahana ticketing harga tiket paling favorit kereta sawah tiket antri kode tiket jadi naik panggil keras suara hindar hujan jalan basah area parkir tanah padat recommended serame batu layan ramah mulai masuk keluar parkir,1
579,oke cuma kalau siang dikit panas,1
580,biaya masuk murah riah khas desa banget suasana,1
581,pandang alam sok refresing segar tingkat arah masuk lokasi,1
582,tempat wisata bagus pandang indah dar masuk jalan keluar masuk kendara kalau pisah jalan cukup sempit ganti keluar masuk area wisata,1
583,wisata alam hampar sawah hijau luas segar mata udara sejuk tiket masuk murah rp wahana main kereta sawah flying fox tiket pisah makan murah riah enak wisata utama benar sumber mata air alami paling suka waktu santai gubuk tengah sawah nikmat angin sepoi sepoi datang pagi pas weekend siang dikit ramai parkir luas cocok libur keluarga tipis tipis,0
584,murah riah wisata,1
585,tiket naik wahana golong mahal,0
586,kalau weekend ramai unjung,0
587,wisata alam murah alami,1
588,senang wisata harga tiket masuk murah bikin bahagia,1
589,tempat bagus sejuk meski jam siang,0
590,tempat sejuk sekali,0
591,tempat wisata murah riah harga tiket masuk jangkau beberapa wahana anak anak maupun dewasa dilengkqpi sarana kuliner toilet gazebo mushola weekend atau hari libur kurang tempat ubtuk teduh panas atau hujan mungkin cari jalan beda keluar lokasi wisata tidak jadi macet ganti kendaaran masuk lebar akses jalan tuju lokasi wisata,1
592,wisata desa asri cuman antri wahana luar biasa panjang sih anak rewel lama nunggunya,0
593,bagus buat refreshing kembang utama layan unjung toilet ruang tunggu wahana perbanya unjung makin banyak terima kasih,0
594,cocok buatvhealing suasana desa makan jangkau,0
595,tempat bagus kids ramah sayang tempat direservasi aula tengah depan ayun jatra tidak beri tanda jadi banyak unjung ikut duduk tempat dibooking tugas siap,1
596,tempat bagus banyak main banyak tempat teduh musholla kamar mandi bersih cocok buat cinta alam,1
597,rekomendasi deh,1
598,pandang alami fresh,0
599,hawa nya bikin betah,0
600,cocok buat weekend bareng keluarga tiket masuk murah banget kalau mau naik wahana bayar macam mulai kalau mau renang gratis banyak tenant makan tempat parkir luas,1
601,pandang sawah gunung cocok wisata keluarga toilet bersih parkir cukup luas harga tiket masuk ribu wahana info foto therapi ikan gratis minus akses keluar masuk macet an jalan tanjak harap hati bawa keluarga anak kecil motor,1
602,murah riah tingkat ekonomi warga cuman perlu tambah tempat teduh lokasi makan minum,1
603,lokasi tepat villa vanda gardenia gang masuk kiri arah vanda tempat lumayan luas pandang bagus letak lereng tanggung welirang pandang gunung tanggung latar depan sawah jadi daya tarik sendiri sedia gubuk saung tengah sawah teduh istirahat makan bekal wahana macam macam atv kereta kolam renang sayang kolam renang kotor pujasera pintu masuk tempat jual makan ringan goreng atas kolam renang parkir mobil motor luas banget gang masuk lokasi kecil mepet salip mobil tugas awal tiket masuk orang wahana bayar dalam,1
604,keren benar tempatnyaaa cocok buat otbon anak,0
605,hawa sejuk sejuk cocok buat nyantai sama keluarga tambah tiket masuk murah tambah nikmat jalan jalan sini enggak bikin kantong jebol,1
606,tiket masuk rp karcis mobil rp naik dah langit rp becak langit rp becak air rp suasana sawah segar nyaman banget,1
607,kesini waktu weekday tiket masuk parkir mobil ribu tiket main lumayan jangkau suasana sawah sejuk,1
608,tempat ramai banget utama pas weekend antrinuntuk naik kereta sawah,1
609,tempat enak nyaman,0
610,bagus pandang,0
611,panas kayak sawah benar,1
612,panass bawa payung rumah,1
613,kalau kesini wajib bawa tiker pandang bagus sawah dingin pilih makan kurang banyak mending bawa bekal sendiri suasana cocok buat keluarga,1
614,nyaman asri alami uenak poll,0
615,suasana desa asri hijau nan subur kolam renang warung makan saung tengah sawah harga tiket masuk nya cukup ribu rupiah kalau kesini wajib bawa topi arau payung panas enggak tempat teduh pada,1
616,tempat teduh kurang jadi wisatawan nya panas,1
617,hari libur ramai pol jadi enggak nikmat tiket masuk murah akses jalan masuk tempat wisata sempit rusak mudah elo segera baik akses jalan masuk tempat wisata,1
618,tempat nya lumayan bagus cuma sayang tunjang jalan rusak sempit waktu mobil papas sangat sempit sekali,1
619,tiket murah akses jalan cukup rusak,1
620,biasa pandang sama objek wisata lain wilayah trawas sebal attitude jaga parkir tidak sopan belagu bayar karcis masuk tidak beri karcis attitude tidak ramah parah padahal tempat wisata gantung sda gantung sdm kalau sdm buruk bagaimana orang mau recommended mending ajak keluarga main taman ghanjaran kampung brenjonk,0
621,kelola tidak sopan,0
622,tempat panas akses jalan rusak,1
623,luar biasa sejuk indah banyak wahana kantin tempat jual perlu baik sering lihat kotor kurang tarik,1
624,kurang fasilitas konsep nya kurang jelas kotor jalan sempit kalau bawa mobil sabar kalah kalau simpang sangat sempit ekstra hati kalau mau parkir mobil moga depan tingkat fasilitas nya,1
625,weekend macet luar biasa,1
626,kunjung hari minggu siap panas macet,1
627,hari libur ramai pol jadi enggak nikmat tiket masuk murah akses jalan masuk tempat wisata sempit rusak mudah elo segera baik akses jalan masuk tempat wisata,1
628,pandang bagus letak sawah sedia kolam renang mata air sumber cuaca panas sekali,1
629,parkir becek buruk,1
630,akses jalan jelek sempit kalau naik mobil,1
631,lumayan bagus cuma panas kurang gubug nya,1
632,panas,1
633,wisata bagus jual ramah kamar mandi tidak kunci kurang bersih,1
634,cukup bagus murah sayang akses jalan sempit batu,1
635,kurang tempat teduh sini sangat panas,1
636,mobil kondisi nya baik banyak tanjak curam,1
637,tempat becek,1
638,exit buruk,1
639,tempat indah panas,1
640,kurang puas fasilitas layan tm terlalu mahal parkir mobil area bebas parkir,1
641,admin tidak ramah,0
642,buat puol mau kesini gadibolehin belok sama pak ogah yaudah gajadi,0
643,tempat bagus sayang kelola kes tidak sopan,1
644,parkir jelek sempit buruk,1
645,kolam renang anak kecil kotor,0
646,tempat bagus banget cuman sayang jaga tiket tukang parkir kurang ramah teliti,1
647,tempat nya bagus sayang enggak musholla,1
648,parkir mobil kurang,1
649,tempat parkir kurang bagus becek,1
650,hi kak bagus banget bersih toilet lebih tingkat,1
651,antri banget minggu kemarin enggak jadi naik deh,0
652,pernah mau masuk situ gagal masuk penuh tidak parkir datang jam siang,1
653,bus tidak masuk,1
654,kamar mandi air sangat kotor sangat tidak anjur mandi toilet umum,1
655,tidak recommended air kolam renang buat gatal memang air kali kotor,0
656,jaan masuk sempit,1
657,selalu ramai antri,1
658,parkir sulit,1
659,parkir mobil kurang,1
660,oke butuh banyak tempat teduh,1
661,bagus cuma ada parkir becek,1
662,tempat nya lumayan kalau pas cuaca mendung kalau cuaca pas terik panas pool,1
663,bagus natural tempat hibur rakyat all free cuma parkir bayar hati jalan masuk sempit jadi buat mobil mohon sabar turut kata pandu jalan,1
664,tempat teduh kurang,1
665,buah wisata alam cukup rekomendasi nuansa alam buka dapat bagi wahana seru pandang alam cocok sekali buat jadi background foto diposting sosmed pandang gunung sawah dapat kolam rendam saran lebih awas damping anak renang karena kolam golong sedikit bahaya kolam buat bebatuan alam lumut mungkin jadi cidera tidak hati hati kolam air dingin bukan panas pasuk area wisata jalan awal lalu cukup sempit mobil mpv suv ganti,1
666,kalau kesini wajib cebur kolam cuman kalau parkir mobil kasih tenda dong biar enggak hot melotot wkwkwk,1
667,kalau siang panas,1
668,tempat nya asyik murah mria djangkau kalang tnga kbawah cuma lahan parkir sulit keluar masuk pas ramai nya main anak murah tiket wajar hrganya jaga parkir montor lbi tegas cara mlayaninya mhn dbantu motor sulit keluar pnataanya numpuk tak braturan medan batu krikil sring orang trglincir roda motor kalau dratakan drapikan the best dach namba tempat buat ngecamp mnghadap area sawah moga lbi sukss cara mngelolah area,1
669,panas ramai kapasitas parkir tidak padah,1
670,jalan utama baik jadi buat mobil lewat,1
671,panas banget banyak perlu baik pandang nya bagus air segar toilet kurang banyak,1
672,tutup terlalu pagi pakai banget,0
673,bagus alami sayang nya batu alas kolam renang tajam,1
674,bagus pandang sayang tempat makan kurang tidak variatif,1