ulasan,label
kembang fasiltas toilet akses jalan,0
wisata spenuh tiket masuk jaga jaga langsung masuk gratis bayar uang parkir kolam renang anak cowok kolam jrg paka trkesan lumut hehe anak main air kolam sederhana tidak renang jual jajan bawa jajan lokasi,0
pandang indah suasana nyamaann,1
wisata edukasi sederhana tenang jiwa rana,1
wisata trawas sumber air pandang sawah gunung tanggung,1
renovasi wisata mandi renang nyaman,0
seru titip baju tenang renang,0
asyik suasana desa putar gunung udara sejuk,1
sejuk indah asli sejuk asri,1
bagus banget enak rekreasi luarga kolam renang cafetaria,1
wisata sawah tenang bersih tata enak bawa luarga sini,1
liling indonesia,1
wisata murah riah,1
nyaman kunjung indah bagus tenang rest nyaman gubuk suka kolam renang air jernih segar pokok wajib kunjung weekend ya,1
kak buka renang,1
nyaman segar udarae bang jau jalan raya enak santa main sawah,1
ya penuh jajak asli aduh puanas poll,0
pandang indah harga makan murah,1
nemu kayak mojokerto,1
asri,1
rama unjung ppkm moga,1
bagus jalan nya,0
enak ngumpul bareng luarga teman suasana enak banget,1
nyaman wisata luarga,1
cocok luarga pandang bagus ikan air tawar,1
bagus alam sayang nya batu alas kolam renang tajam,0
cocok wisata luarga fasilitas proses bangun,0
wisata sawah sumber gempong trawas mojokerto best rice field tourism destination,1
nih serius keren sih segar banget cocok ngerefresh otak,1
pandang sawah,1
bagus unt rekreasi luarga teman teman sumber air alam segar jernih sila sini rama parkir luas harga tiket masuk jangkau,1
pandang nya bagus sawah gunung,1
mantap wes,1
rekreasi luarga pandang bagus harga pas kantong,1
bagus tanggal makan minum,0
nyaman cocok luarga rileksasi,1
sejuk banget nya enak the luarga time,1
natural pandang bagus very murah pandang alam bagus murah,1
sejuk adem bersih,1
pas wisata pandang alam indah udara gunung sejuk,1
wisata alam asri pandang sawah kolam renang air sumber alam kaporit,1
like suka,1
suasana mantab,1
wisata gunung lumay bagus,1
tiket murah orang,1
wisata tutup,0
bagus murah sayang akses jalan sempit batu,0
wisata bagus suasana sawah mandi air sumber asli cocok libur luarga anak anak main,1
maksimal,0
bikin hati tenang,1
jos murah riah enak bawa motor akses jalan masuk lokasi sempit bawa mobil tanggal merah rama susah papas mobil masuk,0
pandang bagus sejuk adeeem,1
asyik luas,1
sejuk pandang indah alam hampar sawah hijau kolam ikan,1
pilih wisata lokal area trawas suhu sejuk khas trawas air jernih gunung nyaman jam jam rendam kaki,1
tenang manja mata pandang gunung sawah sayang jarak lokasi beli makan bilang,0
wisata kenal indah oke banget anak betah renang air dinginn banget segar harga tiket masuk anak hitung parkir kamar mandi makan proses bangun murah sih,0
mata air jernih pandang alam natural,1
bagus alam segar ngopi nya makan nya pop mie kali ditmbhin bakso nasi pecel habis rendam laperr,0
murah bagus,1
warung nyaman nya luas strategiscocok santa,1
addmmm asli adem,1
wisata murah bagus banget,1
tuju daya tarik wisata sawah latar hutan gunung tanggung istimewa keren harga tiket masuk parkir stand warung jajan harga murah riah banget jajan hidup bangsa beli lokal hahaha oiya nantika ulas artikel kanal blog ranggabranco blogspot com chanel youtube branxcotv enjoy,1
libur anak mandi kolam air mata air sumber pandang sawah latarbelakang angung,1
bagus nya akses jalan lokasi sempit mobil jalan rusak benah jalan nya jalan masuk nya nya simpang kalah salah,0
cocok wisata luarga,1
mantap,1
wisata bagus jual ramah kamar mandi tidak kunci bersih,0
sejuk anak nikmat,1
murni alam,1
bagus pandang pandang bagus,1
puas banget,1
keren suka suasana,1
dama sejuk tenang nyaman dingin,1
bagus air nya bening banget,1
wisata tema alam nya asri fasilitas warung toilet kolam air anak maupum orang dewasa,1
asri nyaman sih tarik wisata mngkn proses bangun kali ya moga pas sini keren nih,0
cocok banget selfhealing low budget makan nya murah,1
seruuuu banget gazebo sawa campground atv sewa nya mandi foodcourd kolam ikan bukit masuk cuman doang parkir azaa,1
akses jalan masuk mobil koordinasi tukang parkir,0
asri alam,1
wana wisata alam trawas,1
lumay kumpul bareng luarga anak renang seruh sih benah jalan,0
suasana desa asri hijau nan subur kolam renang warung makan saung sawah harga tiket masuk nya ribu rupiah sini wajib bawa topi arau payung panas teduh,0
sejuk,1
bintang khusus layan sahabat harga murah fasilitas sih maksimal,1
pandang asri serba hijau bak madan sumber air segar sana siang panas cocok jemur,0
adem segar banget ijo asri parkir luas,1
green field love lapang hijau suka,1
lumay,1
alhamdulil puas lola jual tata parkir ramah ramah suasana adem khas gunung air kolam renang sejuk langsung mata air jalan parkir luas ganti ndara masuk over all muas harga tiket murah riah,0
nyuam murah riah mata air sumber asli duingin bersih,1
udara sejuk alam asri,1
wisata senang harga murah luas indah renang kolam anak kolam dewasa cocok luarga teman,1
tahap kembang moga selesa rekomendasi sini jam matahar terik jalan akses lumay rusak,0
bagus harga segitu,1
teduh wisataw nya panas,0
jalan wisata mohon benah,0
